{
  "schema": "1.0",
  "type": "whmcs-addons",
  "name": "paypal_addon",
  "license": "proprietary",
  "category": "finance",
  "description": {
    "name": "Balance & Lookup",
    "tagline": "View your PayPal Balance and search PayPal Transactions within WHMCS.",
    "long": "Adds a dashboard widget that allows you to view your PayPal Account Balance at a glance.\n\nAlso provides an addon module utility that allows you to search your PayPal account for transactions without having to visit and login to PayPal for added convenience."
  },
  "logo": {
    "filename": "logo.png"
  },
  "support": {
    "docs_url": "https:\/\/docs.whmcs.com\/PayPal"
  },
  "authors": [
    {
      "name": "WHMCS",
      "homepage": "https:\/\/www.whmcs.com\/"
    }
  ]
}
