{
  "schema": "1.0",
  "type": "whmcs-gateways",
  "name": "acceptjs",
  "license": "proprietary",
  "category": "payments",
  "description": {
    "name": "Accept.js",
    "tagline": "Secure tokenized card processing and storage from Authorize.net."
  },
  "logo": {
    "filename": "logo.png"
  },
  "support": {
    "homepage": "https:\/\/www.authorize.net\/",
    "docs_url": "https:\/\/docs.whmcs.com\/Authorize.net"
  },
  "authors": [
    {
      "name": "WHMCS",
      "homepage": "https:\/\/www.whmcs.com\/"
    }
  ]
}
